numero,compromiso,titulo,desc,categoria,slug,icono,subarea,area1,area2,area3,area4,embed_map_titulo,embed_map_url,imagen,n_metas,metas,metrica,cumplimiento,cumplimiento_label,porcentaje_completado,cumplimiento_2,cumplimiento_2_label,cumplimiento_2_porcentaje_completado,detalle_1,detalle_1_nombre,detalle_1_nota,detalle_1_fuente,detalle_1_descripcion,detalle_2,detalle_2_nombre,detalle_2_nota,detalle_2_fuente,detalle_2_descripcion,detalle_3,detalle_3_nombre,detalle_3_nota,detalle_3_fuente,detalle_3_descripcion,detalle_4,detalle_4_nombre,detalle_4_nota,detalle_4_fuente,detalle_4_descripcion,url_interna,comunas
1,Solucionar los reclamos por baches en 15 dias,Baches solucionados en 15 días,¡Compromiso cumplido! Nos comprometimos a reducir a 15 días el plazo de solución del 100% de los nuevos baches desde que son identificados.,Ciudad a Escala Humana,humana,obrero,Infraestructura,Transporte público seguro y de calidad,,,,,,https://cdn2.buenosaires.gob.ar/compromisos/1baches.jpg,1,,,2016,Baches resueltos en 15 días,100,,,,http://recursos-data.buenosaires.gob.ar/ckan2/compromisos/1.1 Baches.csv,"Baches que se resuelven en 15 días, en porcentajes (2016)",,Tablero de control SAP - Demanda Ciudadana,,http://recursos-data.buenosaires.gob.ar/ckan2/compromisos/1.2 Baches.csv,Promedio de días corridos para solucionar un bache (2016),,Tablero de control SAP - Demanda Ciudadana,,,,,,,https://youtu.be/FsNBtHGDtm0,Cómo trabajan los camiones reparadores de bacheos de la Ciudad,,,,http://www.buenosaires.gob.ar/compromisos/solucionar-los-reclamos-por-baches-en-15-dias,"1,2,3,4,5"
2,Duplicar la capacidad de reciclado de basura,Duplicar la capacidad de reciclado de basura,"Nos comprometemos a implementar un plan de separación en origen, un servicio de recolección puerta a puerta, la instalación de campanas reciclables, la ampliación de puntos verdes y la captación de nuevos generadores especiales.",Disfrute y Convivencia,disfrute,reciclar,Ecología,Más espacio público y verde de calidad,,,,Mapa de Puntos Verdes y Centros de Reciclado en la Ciudad,https://epok.buenosaires.gob.ar/pub/mapa/secretariageneral/compromiso_reciclado/,https://cdn2.buenosaires.gob.ar/compromisos/2reciclado.jpg,1,,,2019,Avance en actividades,85,,,,,,,,,,,,,,,,,,,,,,,,http://www.buenosaires.gob.ar/compromisos/duplicar-nuestra-capacidad-de-reciclado,"2,3,4,5"
3,Integrar a 100.000 adultos mayores al mundo digital,Integrar a 100.000 adultos mayores al mundo digital,¡Compromiso cumplido! Nos comprometimos a integrar a 100.000 adultos mayores para 2017 en el uso de nuevas tecnologías y a promover su acceso real a dispositivos tecnológicos.,Creatividad,creatividad,ancianos,Accesibilidad,Creatividad y Cultura,,,,Mapa de aulas digitales,https://epok.buenosaires.gob.ar/pub/mapa/secretariageneral/compromiso_postas_digitales/,https://cdn2.buenosaires.gob.ar/compromisos/3adultosmayores.jpg,1,,,2017,Distribución de equipos,100,,,,http://recursos-data.buenosaires.gob.ar/ckan2/compromisos/3.1 Adultos mayores.csv,Tablets gratuitas distribuidas a adultos mayores,,,,http://recursos-data.buenosaires.gob.ar/ckan2/compromisos/3.2 Adultos mayores.csv,Uso de tecnologías por rango etario en Ciudad de Buenos Aires (2010),,"Dirección General de Estadística y Censos (Ministerio de Hacienda GCBA) sobre la base de datos de INDEC. Censo Nacional de Población, Hogares y Viviendas 2010.",,http://recursos-data.buenosaires.gob.ar/ckan2/compromisos/3.3 Adultos mayores.csv,"Población mayor de 65 años. Comparación nacional, en porcentajes (2010)",,"INDEC, Censo poblacional, 2010.",,,,,,,http://www.buenosaires.gob.ar/compromisos/integrar-100000-adultos-mayores-al-mundo-digital,"3,6,7,8"
4,Reducir un 30% las muertes en siniestros viales,Reducir un 30% las muertes en siniestros viales,"Nos comprometemos a reducir un 30% las muertes por siniestros viales a través de acciones como operativos en la vía pública, demarcaciones y señalizaciones, intervenciones en torno a escuelas y hospitales e incorporación de equipamiento y nuevos agentes de tránsito.",Disfrute y Convivencia,disfrute,subte,Vialidad,Transporte público seguro y de calidad,Seguridad,,,,,https://cdn2.buenosaires.gob.ar/compromisos/4seguridadvial.jpg,1,,,2019,Avance en actividades,59,,,,http://cdn2.buenosaires.gob.ar/compromisos/design_infografias-23-a.png,Personas que se capacitarán en educación vial,,,,http://i.imgur.com/dsmnFXG.gif,Cómo vamos a lograrlo,,,,https://www.youtube.com/watch?v=zQCnAj8LqMc,,,,,https://youtu.be/7K_OALtwI_I,,,,,http://www.buenosaires.gob.ar/compromisos/reducir-las-victimas-fatales-en-siniestros-viales-en-un-30,"9,10,11,12,13,14,15"
5,12 nuevas plazas,12 nuevas plazas,"¡Compromiso cumplido! Se crearon 12 nuevos espacios verdes que privilegian el uso recreativo, la movilidad peatonal y la movilidad sustentable. Su ubicación fue planeada en lugares donde la oferta de parques y plazas es escasa para las necesidades del barrio.",Ciudad a Escala Humana,humana,arbol,Espacios verdes,Más espacio público y verde de calidad,,,,,,https://cdn2.buenosaires.gob.ar/compromisos/5plazas.jpg,1,,,2019,Porcentaje de plazas inauguradas,100,,,,http://recursos-data.buenosaires.gob.ar/ckan2/compromisos/5.1 Plazas.csv,"Avance de las obras por plaza, en porcentajes",,MAyEP y MDUyT,,http://recursos-data.buenosaires.gob.ar/ckan2/compromisos/5.4 Plazas.csv,"Tipos de espacios verdes públicos, en hectáreas",En base a datos del Ministerio de Ambiente y Espacio Público.,"Estadísticas y Censos CABA, 2014",,http://recursos-data.buenosaires.gob.ar/ckan2/compromisos/5.3 Plazas.csv,"Espacios verdes públicos por habitante y por ciudad, en m²",,"Índice de ciudades verdes de América Latina, BID, Estadísticas y Censos CABA (2016), Observatorio urbano del Ministerio de Vivienda y Urbanismo de Chile y Defensoría del Espacio Público de Bogotá",,,,,,,http://www.buenosaires.gob.ar/compromisos/creacion-de-12-nuevas-plazas,"1,2,3,4,5"
6,8 nuevos corredores de Metrobus,8 nuevos corredores de Metrobus,Nos comprometemos a completar tres nuevos corredores de Metrobus en la Ciudad y articular el sistema existente con cinco nuevos corredores metropolitanos que se construirán en el Gran Buenos Aires.,Ciudad a Escala Humana,humana,subte,Transporte Público,Transporte público seguro y de calidad,,,,Mapa de la red de Metrobus,https://epok.buenosaires.gob.ar/pub/mapa/secretariageneral/compromiso_metrobus/,https://cdn2.buenosaires.gob.ar/compromisos/6metrobus.jpg,2,12.7 km nuevos de Metrobús para 3 corredores CABA. 24.7 km d de Metrobús para 5 corredores en PBA,,2019,Corredores CABA y PBA,75,2019,Corredores de CABA,100,http://recursos-data.buenosaires.gob.ar/ckan2/compromisos/6.1 Metrobus.csv,"Corredores de Metrobús realizados, en kilómetros",,MDUyT,,http://recursos-data.buenosaires.gob.ar/ckan2/compromisos/6.2 Metrobus.csv,Pasajeros diarios por corredor de Metrobús,,MDUyT,,http://recursos-data.buenosaires.gob.ar/ckan2/compromisos/6.3 Metrobus.csv,"Avance de obras, en porcentajes",,MDUyT,,http://recursos-data.buenosaires.gob.ar/ckan2/compromisos/6.4 Metrobus.csv,"Longitud comparada de los principales sistemas de la región, en kilómetros",,Gobierno de la Ciudad de Buenos Aires y Global BRT Data.,,http://www.buenosaires.gob.ar/compromisos/8-corredores-nuevos-de-metrobus,"2,3,4,5"
7,Un subte cada 3 minutos con WIFI gratis en toda la red,Subte cada 3 minutos y WIFI,Nos comprometemos a reducir el tiempo promedio entre formaciones en hora pico a tres minutos y ampliar la cobertura actual de la red BA WiFi a toda la red.,Ciudad a Escala Humana,humana,subte,Transporte Público,Transporte público seguro y de calidad,,,,,https://epok.buenosaires.gob.ar/pub/mapa/secretariageneral/compromiso_subte/,https://cdn2.buenosaires.gob.ar/compromisos/7subte.jpg,1,,,2016,Mejora de frecuencia,85,2016,Avance de instalación WIFI,100,http://recursos-data.buenosaires.gob.ar/ckan2/compromisos/7.1 Subte.csv,"Frecuencia promedio en hora pico, en minutos, por línea",NOTA: Se considera horario pico de 8 a 9 horas.,Subterráneos de Buenos Aires Sociedad del Estado,,https://youtu.be/22YS62UexCg,Seguimos sumando coches en todas las líneas,,,,http://recursos-data.buenosaires.gob.ar/ckan2/compromisos/7.2 Subte.csv,"Pasajeros transportados por línea de subterráneo o premetro, en millones. Ciudad de Buenos Aires, 2010-2019",,"Estadísticas y Censos de la Ciudad de Buenos Aires, 2015",,,,,,,http://www.buenosaires.gob.ar/compromisos/un-subte-cada-3-minutos-con-wifi-gratis-en-toda-la-red,"3,6,7,8"
8,Transformar la Villa Olímpica en 1.200 viviendas,Transformar la Villa Olímpica en viviendas,"Nos comprometemos a que, luego de los Juegos Olímpicos de la Juventud 2018, las obras realizadas se aprovechen para generar 1.200 viviendas en el sur de la Ciudad.",Integración Social,social,persona,Vivienda,Grandes obras públicas,Desarrollo humano y Salud,,,,https://epok.buenosaires.gob.ar/pub/mapa/secretariageneral/compromiso_villa_olimpica/,https://www.buenosaires.gob.ar/sites/gcaba/files/styles/interna_noticia/public/field/image/olimpica.jpg?itok=cT8feDxR,1,,,2019,Avance de obra + Entrega de viviendas,80,,,,http://recursos-data.buenosaires.gob.ar/ckan2/compromisos/8.1 Villa Olímpica.csv,"Avance de actividades, en porcentajes",,MDUyT,,http://cdn2.buenosaires.gob.ar/compromisos/design_infografias-25-a.png,"La Villa Olímpica, por dentro",,,,https://youtu.be/FLZ3lAHrFp4,Finalizaron las obras de la Villa Olímpica,,,,https://youtu.be/VIuj4-8VrI4,Así son los departamentos del Barrio Olímpico,,,,http://www.buenosaires.gob.ar/compromisos/transformar-la-villa-olimpica-en-1200-viviendas,"9,10,11,12,13,14,15"
9,Construir el Paseo del Bajo,Construir el Paseo del Bajo,Nos comprometemos a construir el Paseo del Bajo para conectar la autopista Illia con la autopista Buenos Aires - La Plata.,Ciudad a Escala Humana,humana,obrero,Infraestructura,Transporte público seguro y de calidad,Grandes obras públicas,,,,https://epok.buenosaires.gob.ar/pub/mapa/secretariageneral/compromiso_paseo_del_bajo/,https://cdn2.buenosaires.gob.ar/compromisos/9paseodelbajo.jpg,1,,,2019,Avance de obra,83,,,,http://recursos-data.buenosaires.gob.ar/ckan2/compromisos/9.1 Paseo del Bajo.csv,"Avance de obra, en porcentajes",,MDUyT,,http://cdn2.buenosaires.gob.ar/compromisos/design_infografias-24-a.png,La obra en números,,,,,,,,,https://youtu.be/IVabMxVFey8,Recorré el futuro Paseo del Bajo,,,,http://www.buenosaires.gob.ar/compromisos/paseo-del-bajo-conectar-illia-au-la-plata,"1,2,3,4,5"
10,3.000 alumnos continuarán estudiando,3.000 alumnos continuarán estudiando,"Nos comprometemos a reducir el abandono escolar, logrando que 3.000 alumnos de secundaria continúen estudiando.",Integración Social,social,escuela,Educación,Transformación educativa,,,,,,https://cdn2.buenosaires.gob.ar/compromisos/10abandonoescolar.jpg,1,,,2019,Porcentaje cumplimiento de la meta,83,,,,,,,,,http://recursos-data.buenosaires.gob.ar/ckan2/compromisos/10.2 Abandono.csv,Abandono interanual en secundaria estatal (Proyección y avance real),,Ministerio de Educación,,https://youtu.be/bEYxUmlRkrk,Juntos en un gran paso,,,,,,,,,http://www.buenosaires.gob.ar/compromisos/3000-alumnos-de-secundaria-continuen-estudiando,"2,3,4,5"
11,Educación digital en sala de 5,Educación digital en sala de 5,¡Compromiso cumplido! Nos comprometimos a que en 2017 el 100% de las escuelas con sala de 5 años contasen con un atelier digital.,Creatividad,creatividad,escuela,Educación,Transformación educativa,Creatividad y Cultura,,,,,https://cdn2.buenosaires.gob.ar/compromisos/11educaciondigital.jpg,1,,,2017,Porcentaje de aulas digitales,100,,,,http://recursos-data.buenosaires.gob.ar/ckan2/compromisos/11.1 Educación digital.csv,"Aulas digitales móviles incorporadas, en porcentajes",,Ministerio de Educación,,http://i.imgur.com/QoDzPxP.gif,Cómo vamos a lograrlo,,,,https://youtu.be/yZTVyQgnLG0,Cómo funcionan los Atelieres Digitales,,,,https://youtu.be/TR4aIrcU2_o,Plan Integral de Educación Digital,,,,http://www.buenosaires.gob.ar/compromisos/educacion-digital-para-los-chicos-desde-los-5-anos,"3,6,7,8"
12,30 nuevas escuelas con sala de 3 años,30 nuevas escuelas con sala de 3 años,Nos comprometemos a ampliar la cobertura educativa en niños para que puedan alcanzar su máximo potencial.,Integración Social,social,escuela,Educación,Transformación educativa,Género,,,,https://epok.buenosaires.gob.ar/pub/mapa/secretariageneral/compromiso_escuelas_con_sala_de_3/,https://cdn2.buenosaires.gob.ar/compromisos/12salasdetres.jpg,1,,,2019,Avance promedio de obras,77,,,,http://recursos-data.buenosaires.gob.ar/ckan2/compromisos/12.1 Sala de 3.csv,"Avance de las obras por escuela, en porcentaje",,Ministerio de Educación,,,,,,,,,,,,,,,,,http://www.buenosaires.gob.ar/compromisos/30-nuevas-escuelas-para-sala-de-3-anos,"9,10,11,12,13,14,15"
13,Duplicar los alumnos con niveles superiores en desempeño en matemática,Duplicar el desempeño superior en matemática,Nos comprometemos a duplicar el doble el porcentaje de alumnos de séptimo grado de primaria en niveles medio y avanzado de desempeño en matemática en las pruebas FEPBA.,Integración Social,social,escuela,Educación,Transformación educativa,,,,,,https://cdn2.buenosaires.gob.ar/compromisos/13matematicas.jpg,1,,,2019,Porcentaje de avance de la meta,52,,,,http://recursos-data.buenosaires.gob.ar/ckan2/compromisos/13.1 Matematicas.csv,Porcentaje de alumnos de 7° grado de primarias estatales en los niveles más altos de desempeño en Matemática (2015-2016) e incremento proyectado al 2019 (*),"En 2016 se redefinió la metodología para clasificar los grupos de desempeño, según prácticas internacionales. Se realizó una equiparación de los resultados con años anteriores para mantener la comparabilidad.",Ministerio de Educación,,https://www.youtube.com/watch?v=9Y9bsUP6sq0,Qué se evalúa en la prueba FEPBA,,,,,,,,,,,,,,http://www.buenosaires.gob.ar/compromisos/duplicar-el-porcentaje-de-alumnos-en-niveles-superiores-de-desempeno-en-matematicas,"1,2,3,4,5"
14,1.000 policías más a la calle,1.000 policías más a la calle,"¡Compromiso cumplido! Nos comprometimos a destinar 1.000 policías adicionales a la calle para fines de 2016, de manera que puedan cuidar mejor a nuestros vecinos.",Disfrute y Convivencia,disfrute,seguridad,Seguridad,Seguridad,Género,,,,,http://www.buenosaires.gob.ar/sites/gcaba/files/field/image/poli_1_bis.jpg,1,,,2016,Cantidad adicional de agentes en calle,100,,,,,,,,,,,,,,,,,,,,,,,,http://www.buenosaires.gob.ar/compromisos/destinar-1000-policias-mas-la-calle,"2,3,4,5"
15,Mapa del delito online,Mapa del delito online,¡Compromiso cumplido! Nos comprometimos a elaborar y publicar en 2017 un mapa de estadísticas delictivas para que todos los vecinos puedan consultarlo de forma online.,Disfrute y Convivencia,disfrute,seguridad,Seguridad,Seguridad,Género,,,,,https://cdn2.buenosaires.gob.ar/compromisos/15mapadelito.jpg,1,,,2017,Avance en actividades,100,,,,,,,,,,,,,,,,,,,,,,,,http://www.buenosaires.gob.ar/compromisos/mapa-del-delito-con-acceso-de-los-vecinos,"3,6,7,8"
16,Duplicar puntos de acceso WI FI en espacios públicos al aire libre,Duplicar puntos de acceso WIFI,¡Compromiso cumplido! Nos comprometimos a duplicar los puntos de acceso gratuito BA WiFi en espacios públicos al aire libre para mejorar y ampliar la conectividad a Internet de todos los vecinos y visitantes de la Ciudad.,Creatividad,creatividad,celular,Tecnología,Más espacio público y verde de calidad,Creatividad y Cultura,,,Mapa zonas BA WiFi,https://epok.buenosaires.gob.ar/pub/mapa/secretariageneral/compromiso_wifi/,https://cdn2.buenosaires.gob.ar/compromisos/16wifi.jpg,1,,,2017,Nuevos puntos BA WiFi instalados,100,,,,http://recursos-data.buenosaires.gob.ar/ckan2/compromisos/16.1 WIFI.csv,Nuevos puntos WIFI al aire libre,,MMIyT,,http://recursos-data.buenosaires.gob.ar/ckan2/compromisos/16.2 WIFI.csv,"Zonas WIFI gratuitas, ciudades seleccionadas",,"MMIyT, parís.fr/wifi, mdeinteligente.co, prefeitura.sp.gov.br y http://ajuntament.barcelona.cat",,,,,,,,,,,,http://www.buenosaires.gob.ar/compromisos/duplicar-puntos-de-acceso-wifi-en-espacios-publicos-al-aire-libre,"9,10,11,12,13,14,15"
17,Un centro de salud a 15 minutos de tu casa,Un centro de salud a 15 minutos de tu casa,Nos comprometemos a completar la red de Centros de Salud de la Ciudad para que los vecinos puedan contar con uno a menos de 15 minutos de su casa en transporte público.,Ciudad a Escala Humana,humana,hospital,Salud,Desarrollo humano y Salud,,,,Mapa de hospitales y centros de salud,https://epok.buenosaires.gob.ar/pub/mapa/secretariageneral/compromiso_salud/,https://cdn2.buenosaires.gob.ar/compromisos/17cesacs.jpg,2,,,2019,Cobertura (zona sur),100,2019,Cobertura (total CABA),86,http://recursos-data.buenosaires.gob.ar/ckan2/compromisos/17.1 CESAC.csv,"Avance de las obras por centro de salud, en porcentaje",,Ministerio de Salud,,,,,,,,,,,,,,,,,http://www.buenosaires.gob.ar/compromisos/un-centro-de-salud-15-minutos-de-casa,"1,2,3,4,5"
18,Médico de cabecera para las familias,Médico de cabecera para las familias,Nos comprometemos a que cada familia con cobertura pública exclusiva de salud cuente con un médico de cabecera que asegure una atención personalizada de cada paciente.,Integración Social,social,hospital,Salud,Desarrollo humano y Salud,,,,,,https://cdn2.buenosaires.gob.ar/compromisos/18medicos.jpg,2,,,2019,Equipos médicos (zona sur),100,2019,Equipos médicos (total CABA),82,http://recursos-data.buenosaires.gob.ar/ckan2/compromisos/18.1 Médicos.csv,Equipos de médicos,,Ministerio de Salud,,https://youtu.be/0SG48f3DrdU,Compromiso cumplido: Historia Clínica Electrónica,,,,,,,,,,,,,,http://www.buenosaires.gob.ar/compromisos/un-medico-de-cabecera-para-cuidar-mejor-las-familias,"2,3,4,5"
19,7 consultas pediátricas en el primer año de vida,7 consultas pediátricas en el primer año de vida,Nos comprometemos a garantizar que los niños de familias con cobertura pública exclusiva de salud puedan realizarse 7 controles pediátricos dentro del primer año de vida.,Integración Social,social,hospital,Salud,Desarrollo humano y Salud,,,,,,https://cdn2.buenosaires.gob.ar/compromisos/19consultas.png,2,,,2019,Equipos médicos (zona sur),100,2019,Equipos médicos (total CABA),82,http://recursos-data.buenosaires.gob.ar/ckan2/compromisos/19.1 Consultas pediátricas.csv,Equipos de salud,,Ministerio de Salud,,http://recursos-data.buenosaires.gob.ar/ckan2/compromisos/23.2%20historia%20clinica.csv,Personas empadronadas en la Historia Clínica Electrónica,,,,,,,,,,,,,,http://www.buenosaires.gob.ar/compromisos/7-consultas-pediatricas-en-el-primer-ano-de-vida,"3,6,7,8"
20,200 obras y proyectos con participación ciudadana,200 obras y proyectos con participación ciudadana,¡Compromiso cumplido! Nos comprometimos a llevar a cabo 200 obras y proyectos con participación de los vecinos entre 2016 y 2017.,Disfrute y Convivencia,disfrute,persona,Participación,Creatividad y Cultura,,,,,,https://cdn2.buenosaires.gob.ar/compromisos/20participacion.jpg,1,,,2017,Obras y proyectos realizados,100,,,,http://recursos-data.buenosaires.gob.ar/ckan2/compromisos/20.1 Participación ciudadana.csv,Obras y proyectos con participación ciudadana,,Subsecretaría de Comunicación,,,,,,,http://cdn2.buenosaires.gob.ar/compromisos/design_infografias-27-a.png,Proceso de participación en obras,,,,http://recursos-data.buenosaires.gob.ar/ckan2/compromisos/20.3 Participación ciudadana.csv,Cantidad de proyectos por área,,Subsecretaría de Comunicación,,http://www.buenosaires.gob.ar/compromisos/participacion-de-los-vecinos-en-200-obras-y-proyectos,"9,10,11,12,13,14,15"
21,100% esquinas accesibles,100% esquinas accesibles,Nos comprometemos a construir 16.625 rampas para mejorar la accesibilidad de todas las calles de la Ciudad para quienes tienen movilidad reducida.,Integración Social,social,persona,Accesibilidad,Más espacio público y verde de calidad,,,,,,https://www.buenosaires.gob.ar/sites/gcaba/files/styles/interna_noticia/public/field/image/rampas.png,1,,,2018,Avance de obra,98,,,,,,,,,,,,,,http://recursos-data.buenosaires.gob.ar/ckan2/compromisos/21.3 Rampas.csv,Población con movilidad reducida por Comuna y sexo,,REDATAM Censo (2010),,http://i.imgur.com/xd1bWQn.gif,Buenos Aires Accesible,,,,http://www.buenosaires.gob.ar/compromisos/buenos-aires-accesible-100-rampas,"1,2,3,4,5"
22,Jornada extendida para todos los chicos entre 11 y 14 años,Jornada extendida para todos los chicos entre 11 y 14 años,Nos comprometemos a extender la jornada escolar de todas las escuelas primarias y medias estatales para fortalecer las trayectorias educativas y garantizar la permanencia de todos los chicos en la escuela.,Integración Social,social,escuela,Educación,Transformación educativa,Género,,,,,https://www.buenosaires.gob.ar/sites/gcaba/files/22_jornadaextendida.jpg,1,,,2019,Escuelas con Jornada extendida,72,,,,http://recursos-data.buenosaires.gob.ar/ckan2/compromisos/22.1 Jornada extendida.csv,Porcentaje de escuelas primarias con jornada extendida implementada,,,,http://recursos-data.buenosaires.gob.ar/ckan2/compromisos/22.2 Jornada extendida.csv,Porcentaje de escuelas secundarias con jornada extendida implementada,,,,http://www.buenosaires.gob.ar/sites/gcaba/files/22_jornada_extendida.jpg,Ventajas de la Jornada Extendida,,,,https://youtu.be/NxmeGylj7hg,,,,,http://www.buenosaires.gob.ar/compromisos/jornada-extendida-para-todos-los-chicos-entre-11-y-14-anos,"2,3,4,5"
23,Historia Clínica Electrónica en todos los centros de salud,Historia Clínica Electrónica en todos los centros de salud,¡Compromiso cumplido! Nos comprometimos a implementar la Historia Clínica Electrónica en todos los Centros de Salud de la Ciudad para seguir mejorando la atención de todos los vecinos.,Integración Social,social,persona,Salud,Desarrollo humano y Salud,,,,Mapa de Centros de Atención Primaria,https://epok.buenosaires.gob.ar/pub/mapa/secretariageneral/compromiso_cesac_hce/,https://www.buenosaires.gob.ar/sites/gcaba/files/styles/interna_noticia/public/field/image/23_historia_clinica_electronica.jpg,1,,,2019,CeSACs con HCE implementada,100,,,,http://recursos-data.buenosaires.gob.ar/ckan2/compromisos/23.1 historia clinica.csv,"CeSACs con Historia Clínica Electrónica implementada, en porcentajes",,Ministerio de Salud,,http://recursos-data.buenosaires.gob.ar/ckan2/compromisos/23.2 historia clinica.csv,Personas empadronadas en la Historia Clínica Electrónica,,Ministerio de Salud,,,,,,,http://i.imgur.com/pJPKVV2.gif,Características y beneficios de la HCE,,,,http://www.buenosaires.gob.ar/compromisos/historia-clinica-electronica-en-todos-los-centros-de-salud,"3,6,7,8"
24,Mudar el Ministerio de Educación al Barrio 31,Mudar el Ministerio de Educación al Barrio 31,"Nos comprometemos a construir en el Barrio 31 un polo educativo con un nuevo edificio para el Ministerio de Educación, una nueva escuela de nivel inicial, una de nivel primario y una escuela secundaria.",Integración Social,social,persona,Salud,Transformación educativa,Grandes obras públicas,Desarrollo humano y Salud,,,,https://www.buenosaires.gob.ar/sites/gcaba/files/styles/interna_noticia/public/field/image/recorrida_obra_ministerio_educacion_2_0.jpg?itok=SQKlg9dN,1,,,2019,Avance de obra,36,,,,,,,,,,,,,,,,,,,,,,,,http://www.buenosaires.gob.ar/compromisos/mudar-el-ministerio-de-educacion-al-barrio-31,"9,10,11,12,13,14,15"
25,12 polideportivos y 4 grandes parques renovados,12 polideportivos y 4 grandes parques renovados,¡Compromiso cumplido! Nos comprometimos a poner en valor 12 polideportivos y 4 grandes parques de la Ciudad para aumentar y mejorar la oferta deportiva de la Ciudad.,Disfrute y Convivencia,disfrute,persona,Salud,Más espacio público y verde de calidad,,,,Mapa de polideportivos,https://epok.buenosaires.gob.ar/pub/mapa/deportes/programa_actividades_deportivas_en_polideportivos_y_parques/,https://www.buenosaires.gob.ar/sites/gcaba/files/25_polideportivos.jpg,1,,,2019,Avance de obra,100,,,,http://recursos-data.buenosaires.gob.ar/ckan2/compromisos/25.1 Polideportivos.csv,Avance por obras,,,,,,,,,,,,,,,,,,,http://www.buenosaires.gob.ar/compromisos/12-polideportivos-y-4-grandes-parques-renovados,"1,2,3,4,5"
26,"Partidas de nacimiento en el día, en todas las Comunas","Partidas de nacimiento en el día, en todas las Comunas","¡Compromiso cumplido! Nos comprometimos a que todos los padres puedan obtener las partidas de nacimiento de sus hijos en 24hs, en su propia Comuna.",Disfrute y Convivencia,disfrute,persona,Salud,Desarrollo humano y Salud,Creatividad y Cultura,,,Sedes comunales,https://epok.buenosaires.gob.ar/pub/mapa/secretariageneral/compromiso_sedes_comunales_con_registro_civil/,https://www.buenosaires.gob.ar/sites/gcaba/files/26_partidasdenacimiento.jpg,1,,,2017,Comunas donde puede realizarse el trámite,100,,,,http://recursos-data.buenosaires.gob.ar/ckan2/compromisos/26.1 Partidas.csv,Comunas que cuentan con delegación del Registro Civil,,,,http://www.buenosaires.gob.ar/sites/gcaba/files/26_partidas_nacimiento.jpg,Cómo solicitar una partida de nacimiento online,,,,,,,,,,,,,,http://www.buenosaires.gob.ar/compromisos/partidas-de-nacimiento-en-el-dia-en-todas-las-comunas,"2,3,4,5"
27,Iluminación LED en todas las calles,Iluminación LED en todas las calles,"Nos comprometemos a reemplazar las luminarias de todas las calles de la Ciudad por lámparas LED e instalar 15.000 nuevas luminarias. La tecnología LED es un sistema más eficiente, de mayor vida útil y que permite un ahorro energético mayor al 50%",Disfrute y Convivencia,disfrute,persona,Salud,Más espacio público y verde de calidad,Seguridad,Género,,,,https://www.buenosaires.gob.ar/sites/gcaba/files/styles/interna_noticia/public/field/image/27_led.jpg,1,,,2019,Avance en instalación de LED,96,,,,http://recursos-data.buenosaires.gob.ar/ckan2/compromisos/27.1 Iluminacion LED.csv,"Luminarias LED por comuna, en porcentajes",Cálculo sobre la base de la cantidad proyectada por comuna. Incluye reemplazo de lámparas antiguas y nuevas instaladas.,Ministerio de Ambiente y Espacio Público,,,,,,,http://www.buenosaires.gob.ar/sites/gcaba/files/styles/interna_noticia/public/field/image/27_ilumin_led.jpg,Beneficios de la iluminación LED,,,,,,,,,http://www.buenosaires.gob.ar/compromisos/iluminacion-led-en-todas-las-calles,"3,6,7,8"
28,Apertura de nuevas PyMES en 10 días,Apertura de nuevas PyMES en 10 días,¡Compromiso cumplido! Nos comprometimos a reducir a 10 días el tiempo de apertura de nuevas PyMEs para 2017.,Creatividad,creatividad,persona,Tecnología,Creatividad y Cultura,,,,,,https://www.buenosaires.gob.ar/sites/gcaba/files/28_pymes.jpg,1,,,2017,Avance en actividades,100,,,,http://recursos-data.buenosaires.gob.ar/ckan2/compromisos/28.1 Pymes.csv,"Avance por etapas, en porcentajes",,,,http://recursos-data.buenosaires.gob.ar/ckan2/compromisos/28.2 Pymes.csv,Comparativa internacional: tiempo promedio para la apertura de nuevas empresas (2016),Datos del Ranking Doing Business,Banco Mundial (2016),,,,,,,,,,,,http://www.buenosaires.gob.ar/compromisos/apertura-de-nuevas-pymes-en-10-dias,"9,10,11,12,13,14,15"
29,15.000 jóvenes capacitados para los empleos del futuro,15.000 jóvenes capacitados para los empleos del futuro,"¡Compromiso cumplido! Nos comprometimos a capacitar a 15.000 jóvenes en tecnologías disruptivas tales como robótica, modelado, impresión 3D y Arduino",Creatividad,creatividad,escuela,Educación,Transformación educativa,Creatividad y Cultura,,,,,https://www.buenosaires.gob.ar/sites/gcaba/files/styles/interna_noticia/public/field/image/29__empleos_del_futuro_1.jpg,1,,,2019,Jóvenes capacitados,100,,,,http://recursos-data.buenosaires.gob.ar/ckan2/compromisos/29.1 Empleos del futuro.csv,Cantidad de jóvenes capacitados en el programa “Empleos del Futuro”,,,,http://www.buenosaires.gob.ar/sites/gcaba/files/29_empleos_futuro.jpg,¿Qué son los empleos del futuro?,,,,,,,,,,,,,,http://www.buenosaires.gob.ar/compromisos/15000-jovenes-capacitados-para-los-empleos-del-futuro,"1,2,3,4,5"
30,1 millón de nuevos vecinos en MiBA,1 millón de nuevos vecinos en MiBA,¡Compromiso cumplido! Nos comprometimos a incluir a un millón más de vecinos a esta plataforma que permite agilizar trámites y obtener información de la Ciudad de forma más sencilla y personalizada.,Creatividad,creatividad,celular,Tecnología,Creatividad y Cultura,,,,,,https://www.buenosaires.gob.ar/sites/gcaba/files/styles/interna_noticia/public/field/image/30_mi_ba_app_baja.jpg,1,,,2017,Usuarios registrados,100,,,,http://recursos-data.buenosaires.gob.ar/ckan2/compromisos/30.1 MiBA.csv,Cantidad de usuarios registrados en MiBA (proyectado y avance real),-Nota: El Compromiso implica triplicar los usuarios partiendo de los 500.000 registrados a agosto 2016.,-,,,,,,,http://i.imgur.com/RGe1cEY.gif,Cómo funciona MiBA,,,,,,,,,http://www.buenosaires.gob.ar/compromisos/1-millon-de-nuevos-vecinos-en-miba-app,"2,3,4,5"
31,5 nuevas áreas con prioridad peatonal,5 nuevas áreas con prioridad peatonal,"¡Compromiso cumplido! Nos comprometimos a desarrollar 5 nuevas áreas con prioridad peatonal, mejorando así la calidad de vida de los vecinos, la convivencia, el tránsito, la seguridad vial y el medio ambiente.",Ciudad a Escala Humana,humana,celular,Tecnología,Transporte público seguro y de calidad,Más espacio público y verde de calidad,,,Mapa de áreas con prioridad peatonal,https://epok.buenosaires.gob.ar/pub/mapa/secretariageneral/compromiso_prioridad_peaton/,https://www.buenosaires.gob.ar/sites/gcaba/files/31_prioridad_peatonal.jpg,1,,,2019,Avance de obra,100,,,,http://recursos-data.buenosaires.gob.ar/ckan2/compromisos/31.1 Prioridad peatonal.csv,"Avance de las obras, en porcentajes",,,,,,,,,http://www.buenosaires.gob.ar/sites/gcaba/files/31_prioridad_peatonal_0.jpg,Promovemos la prioridad de peatones y ciclistas,,,,http://www.buenosaires.gob.ar/sites/gcaba/files/31_prioridad_peatonal_02.jpg,Beneficios de las áreas con prioridad peatonal,,,,http://www.buenosaires.gob.ar/compromisos/5-nuevas-areas-con-prioridad-peatonal,"3,6,7,8"
32,Retiro de autos abandonados en 15 días,Retiro de autos abandonados en 15 días,Nos comprometemos a retirar todos los autos abandonados de la Ciudad y a reducir el tiempo a 15 días desde su notificación al titular.,Ciudad a Escala Humana,humana,celular,Tecnología,Más espacio público y verde de calidad,,,,,,https://www.buenosaires.gob.ar/sites/gcaba/files/32_retiro_autos_abandonados.jpg,1,,,2017,Autos retirados en 15 días,61,,,,http://recursos-data.buenosaires.gob.ar/ckan2/compromisos/32.1 Retiro de autos.csv,"Autos abandonados retirados dentro de los 15 días, en porcentajes",,,,http://recursos-data.buenosaires.gob.ar/ckan2/compromisos/32.2 Retiro de autos.csv,Evolución de stock de autos abandonados,,,,http://i.imgur.com/bLJKik1.gif,Cómo es el proceso,,,,,,,,,http://www.buenosaires.gob.ar/compromisos/retiro-de-autos-abandonados-en-15-dias,"9,10,11,12,13,14,15"
33,200 estaciones de EcoBici,200 estaciones de EcoBici,¡Compromiso cumplido! Nos comprometimos a extender la red EcoBici para que la Ciudad cuente con 200 estaciones en 2017.,Ciudad a Escala Humana,humana,celular,Tecnología,Transporte público seguro y de calidad,,,,Mapa de ciclovías y estaciones EcoBici,https://epok.buenosaires.gob.ar/pub/mapa/ecobici/estaciones_de_bicicletas/,https://www.buenosaires.gob.ar/sites/gcaba/files/33_eco_bici.jpg,1,,,2017,Apertura de estaciones EcoBici,100,,,,http://recursos-data.buenosaires.gob.ar/ckan2/compromisos/33.1 Ecobicis.csv,Estaciones EcoBici en funcionamiento,,,,http://recursos-data.buenosaires.gob.ar/ckan2/compromisos/33.2 Ecobicis.csv,Cantidad de bicicletas incorporadas y viajes mensuales,,,,,,,,,https://youtu.be/i94HX37Z8Xk,,,,,http://www.buenosaires.gob.ar/compromisos/200-estaciones-de-ecobici,"1,2,3,4,5"
34,25 nuevos pasos bajo nivel y aperturas de calles,25 nuevos pasos bajo nivel y aperturas de calles,"Nos comprometemos a construir 25 nuevos pasos bajo nivel y aperturas de calles para mejorar la movilidad, la seguridad y fluidez del tránsito.",Ciudad a Escala Humana,humana,obrero,Infraestructura,Transporte público seguro y de calidad,Grandes obras públicas,,,Mapa de pasos bajo nivel,https://epok.buenosaires.gob.ar/pub/mapa/usig/pasos_bajo_nivel/,https://www.buenosaires.gob.ar/sites/gcaba/files/34_pasos_bajo_nivel.jpg,1,,,2019,Nuevos pasos bajo nivel + apertura de calles,96,,,,,,,,,,,,,,,,,,,,,,,,http://www.buenosaires.gob.ar/compromisos/25-nuevos-pasos-bajo-nivel-y-aperturas-de-calles,"2,3,4,5"
35,1 Centro Integral de la Mujer por Comuna,1 Centro Integral de la Mujer por Comuna,"¡Compromiso cumplido! Nos comprometimos a crear 8 nuevos Centros Integrales de la Mujer para brindar asistencia, orientación y acompañamiento a víctimas de violencia de género en todas las Comunas de la Ciudad.",Integración Social,social,persona,Salud,Género,Seguridad,Desarrollo humano y Salud,,Mapa de CIMs,https://epok.buenosaires.gob.ar/pub/mapa/secretariageneral/compromiso_centros_integrales_de_la_mujer/,https://www.buenosaires.gob.ar/sites/gcaba/files/styles/interna_noticia/public/field/image/35_centro_integral_mujer.jpg,1,,,2019,Comunas con CIM,100,,,,http://recursos-data.buenosaires.gob.ar/ckan2/compromisos/35.1 CIM.csv,"Nuevos Centros Integrales de la Mujer, en porcentajes",,-,,http://recursos-data.buenosaires.gob.ar/ckan2/compromisos/35.2 CIM.csv,Tipo y cantidad de consultas efectuadas en los CIMs,En base a datos del Ministerio de Desarrollo Humano y Habitat.,"Estadísticas y Censos CABA, 2016",,http://recursos-data.buenosaires.gob.ar/ckan2/compromisos/CIM_Linea144.jpg,"Llamanos, podemos ayudarte",,,,https://youtu.be/WY12_5iAF0U,"Presentación del programa ""Tobilleras Mujeres Seguras""",,,,http://www.buenosaires.gob.ar/compromisos/8-nuevos-centros-integrales-de-la-mujer,"3,6,7,8"
36,1000 nuevos restaurantes amigos de las mascotas,1.000 nuevos restaurantes amigos de las mascotas,¡Compromiso cumplido! Nos comprometimos a que 1.000 nuevos locales gastronómicos de la Ciudad permitan la permanencia de mascotas en las mesas exteriores en 2017.,Disfrute y Convivencia,disfrute,perro,Accesibilidad,Más espacio público y verde de calidad,,,,Mapa de locales adheridos,https://epok.buenosaires.gob.ar/pub/mapa/secretariageneral/compromiso_locales_gastronomicos_amigos_de_las_mascotas/,https://www.buenosaires.gob.ar/sites/gcaba/files/field/image/inauguracio_n_canil_plaza_armenia_e_inauguracio_n_pet_friendly-_apra_-_028.jpg,1,,,2017,Nuevos restaurantes incorporados,100,,,,http://recursos-data.buenosaires.gob.ar/ckan2/compromisos/36.1 Mascotas.csv,Restaurantes amigos de las mascotas (2017),Nuevos restaurantes amigos de las mascotas (mensual),Agencia de Protección Ambiental (GCBA),,https://youtu.be/0K35VEY8r3s,¡Compromiso cumplido!,Mirá todo lo que logramos juntos,,,,,,,,,,,,,http://www.buenosaires.gob.ar/compromisos/1000-nuevos-restaurantes-amigos-de-las-mascotas,"9,10,11,12,13,14,15"
37,Desarrollar 20 Centros Comerciales a Cielo Abierto,Desarrollar 20 Centros Comerciales a Cielo Abierto,"¡Compromiso cumplido! Nos comprometimos a mejorar la calidad del espacio público en 20 áreas comerciales para potenciar su mayor utilización y disfrute, con la renovación de veredas, la ampliación del espacio peatonal, con más arbolado y puesta en valor de edificios.",Ciudad a Escala Humana,humana,edificio,Espacios verdes,Más espacio público y verde de calidad,,,,Mapa de CCCAs,https://epok.buenosaires.gob.ar/pub/mapa/secretariageneral/compromiso_centros_comerciales_a_cielo_abierto/,https://www.buenosaires.gob.ar/sites/gcaba/files/centros_comerciales_a_cielo_abierto_0.png,1,,,2017,Avance de obra,100,,,,http://recursos-data.buenosaires.gob.ar/ckan2/compromisos/37.1 Centros comerciales.csv,"Nuevos centros comerciales a cielo abierto, en porcentajes",,,,,,,,,http://recursos-data.buenosaires.gob.ar/ckan2/compromisos/37.3 Centros comerciales.csv,Nuevos centros comerciales a cielo abierto,,,,http://www.buenosaires.gob.ar/sites/gcaba/files/37_centros_comerciales.jpg,Cómo lo hemos logrado,,,,http://www.buenosaires.gob.ar/compromisos/desarrollar-20-centros-comerciales-cielo-abierto,"1,2,3,4,5"
38,23.000 metros de obras hidráulicas y sistema de alerta temprana,23.000 metros de obras hidráulicas y sistema de alerta temprana,Nos comprometemos a realizar 23.000 metros de obras hidráulicas - incluyendo la obra del segundo emisario del Arroyo Vega y la ampliación de la red pluvial Ramal Caaguazú- y un sistema de alerta temprana para actuar rápidamente ante lluvias fuertes para solucionar de forma integral el problema de las inundaciones en la Ciudad.,Disfrute y Convivencia,disfrute,obrero,Infraestructura,Grandes obras públicas,Más espacio público y verde de calidad,,,,,https://www.buenosaires.gob.ar/sites/gcaba/files/styles/interna_noticia/public/field/image/obras_hidraulicas_0.jpg,1,,,2019,Avance de obra,74.5,,,,http://recursos-data.buenosaires.gob.ar/ckan2/compromisos/38.1 Obras hidraulicas.csv,"Construcción de obra hidráulica, en porcentajes",,,,,,,,,https://youtu.be/_K0ClQqQ7qE,"Ramal Austria, una obra que beneficiará a 50.000 vecinos",,,,,,,,,http://www.buenosaires.gob.ar/compromisos/23000-metros-de-obras-hidraulicas-y-sistema-de-alerta-temprana,"2,3,4,5"
39,2 nuevos espacios verdes en Once,2 nuevos espacios verdes en Once,¡Compromiso cumplido! Nos comprometimos a construir el Parque de la Estación y un nuevo espacio verde en la Manzana 66 de Once como parte del plan integral de recuperación del barrio.,Ciudad a Escala Humana,humana,arbol,Espacios verdes,Más espacio público y verde de calidad,,,,Mapa de los futuros espacios verdes del barrio de Once,https://epok.buenosaires.gob.ar/pub/mapa/secretariageneral/compromiso_espacios_verdes_once/,https://www.buenosaires.gob.ar/sites/gcaba/files/espacios_verdes_once.png,1,,,2019,Avance de obra,100,,,,https://youtu.be/BMQ4WqAqGFM,Conocé el futuro Parque de la Estación,,,,https://youtu.be/UTR-0E28DDM,Cómo será la puesta en valor de Once,,,,https://www.youtube.com/watch?v=UTR-0E28DDM,,,,,https://www.youtube.com/watch?v=BMQ4WqAqGFM,,,,,http://www.buenosaires.gob.ar/compromisos/2-nuevos-espacios-verdes-en-once,"3,6,7,8"
40,110 hectáreas de nuevo espacio verde público,110 hectáreas de nuevo espacio verde público,Nos comprometemos a ejecutar los más de 30 proyectos que comprenden el Plan Verde de la Ciudad para crear 160 nuevas hectáreas de espacio público de las cuales 110 son puramente verdes.,Ciudad a Escala Humana,humana,arbol,Espacios verdes,Más espacio público y verde de calidad,,,,,,https://www.buenosaires.gob.ar/sites/gcaba/files/styles/interna_noticia/public/field/image/110_hectareas_verdes.jpg,1,,,2019,Nuevas hectáreas verdes públicas ,38,,,,,,,,,,,,,,,,,,,,,,,,http://www.buenosaires.gob.ar/compromisos/110-hectareas-de-nuevo-espacio-verde-publico,"9,10,11,12,13,14,15"
41,Sistema online de obras públicas abiertas,Sistema online de obras públicas abiertas,"¡Compromiso cumplido! Nos comprometimos a publicar un sistema de obras públicas abiertas online, que incluya información completa sobre las obras que se están realizando en la Ciudad.",Creatividad,creatividad,obrero,Tecnología,Creatividad y Cultura,,,,,,https://www.buenosaires.gob.ar/sites/gcaba/files/styles/interna_noticia/public/field/image/obras_publicas_abiertas_2.jpg,1,,,2017,Avance de actividades,100,,,,http://recursos-data.buenosaires.gob.ar/ckan2/compromisos/41.1 Obras publicas.csv,"Avance de compromiso, en porcentajes",,,,http://www.buenosaires.gob.ar/sites/gcaba/files/41_obras_publicas_abiertas.jpg,Así funciona el sistema,,,,,,,,,,,,,,http://www.buenosaires.gob.ar/compromisos/sistema-online-de-obras-publicas-abiertas,"1,2,3,4,5"
42,Campus Urbano en Plaza Houssay,Campus Urbano en Plaza Houssay,"Nos comprometemos a desarrollar un polo recreativo, cultural, y gastronómico en Plaza Houssay para facilitar el encuentro y el disfrute de los vecinos, poner en valor la plaza y su entorno y facilitar la interconexión de los distintos medios de transporte.",Ciudad a Escala Humana,humana,arbol,Espacios verdes,Más espacio público y verde de calidad,Grandes obras públicas,,,Mapa,https://epok.buenosaires.gob.ar/pub/mapa/secretariageneral/compromiso_plaza_houssay/,https://www.buenosaires.gob.ar/sites/gcaba/files/campus_urbano_plaza_houssay_-_render_1.jpg,1,,,2019,Avance de obra,70,,,,http://www.buenosaires.gob.ar/sites/gcaba/files/42_campo_urbano_houssay.jpg,Cómo vamos a lograrlo,,,,http://www.buenosaires.gob.ar/sites/gcaba/files/campus_urbano_plaza_houssay_-_render_vista_interior_paseo_comercial.jpg,Así será el Campus Urbano,,,,,,,,,,,,,,http://www.buenosaires.gob.ar/compromisos/campus-urbano-en-plaza-houssay,"2,3,4,5"
43,Llegar a 250km de ciclovías y a 400 estaciones de Ecobici,Llegar a 250km de ciclovías y a 400 estaciones de Ecobici,Nos comprometemos a  extender la red de ciclovías a 250 kilómetros y llegar a 400 estaciones de Ecobici para tener una Ciudad más conectada y que priorice al peatón y la bicicleta.,Ciudad a Escala Humana,humana,bici,Transporte Público,Transporte público seguro y de calidad,,,,Mapa de ciclovías y estaciones EcoBici,https://epok.buenosaires.gob.ar/pub/mapa/ecobici/estaciones_de_bicicletas/,https://www.buenosaires.gob.ar/sites/gcaba/files/si__mg_0199.jpg,2,,,2019,Km ciclovías,93,2019,Estaciones Ecobici,50,http://recursos-data.buenosaires.gob.ar/ckan2/compromisos/43.1 Ciclovias.csv,Nuevas estaciones de Ecobici,,,,http://recursos-data.buenosaires.gob.ar/ckan2/compromisos/43.2 Ciclovias.csv,"Nuevas ciclovías, en kilómetros",,,,,,,,,,,,,,http://www.buenosaires.gob.ar/compromisos/llegar-250-km-de-ciclovias-y-400-estaciones-de-ecobici,"3,6,7,8"
44,Sistema de información de llegada de colectivos,Sistema de información de llegada de colectivos,Nos comprometemos a  implementar un sistema de arribo predictivo de colectivos que permitirá a los usuarios saber cuánto falta para el siguiente colectivo y viajar así mejor y más rápido.,Creatividad,creatividad,subte,Transporte Público,Transporte público seguro y de calidad,Seguridad,Género,,,,https://www.buenosaires.gob.ar/sites/gcaba/files/styles/interna_noticia/public/field/image/info_llegada_colectivos_2.jpg,1,,,2018,Porcentaje de líneas con sistema,26,,,,,,,,,,,,,,http://recursos-data.buenosaires.gob.ar/ckan2/compromisos/44.3 info colectivos.csv,"Avance del compromiso, en porcentajes",,,,,,,,,http://www.buenosaires.gob.ar/compromisos/sistema-de-informacion-de-llegada-de-colectivos,"9,10,11,12,13,14,15"
45,Sumar 4.000 nuevos policías en las calles,Sumar 4.000 nuevos policías en las calles,¡Compromiso cumplido! Nos comprometimos a sumar 4.000 nuevos policías en las calles y plazas para cuidar mejor a nuestros vecinos.,Disfrute y Convivencia,disfrute,policia,Seguridad,Seguridad,Género,,,,,https://www.buenosaires.gob.ar/sites/gcaba/files/4000_nuevos_policias.png,1,,,2019,Nuevos policías en las calles,100,,,,https://youtu.be/J2kVok4FPNA,Conocé el Sistema Integral de Seguridad Pública,,,,https://www.youtube.com/watch?v=NbVpgMQqtKQ,Más presencia Policial en las calles de la Ciudad,,,,https://www.youtube.com/watch?v=CBByrOFAFw0,,,,,https://www.youtube.com/watch?v=kPhyYLIlK8s,,,,,http://www.buenosaires.gob.ar/compromisos/sumar-4000-nuevos-policias-en-las-calles,"1,2,3,4,5"
46,"10.000 cámaras en colectivos, subtes y vía pública","10.000 cámaras en colectivos, subtes y vía pública","¡Compromiso cumplido! Nos comprometimos a incorporar 10.000 cámaras en colectivos y en la vía pública para mejorar la prevención del delito, el ordenamiento del tránsito y la seguridad de todos los vecinos.",Disfrute y Convivencia,disfrute,subte,Transporte Público,Transporte público seguro y de calidad,Más espacio público y verde de calidad,Seguridad,Género,,,https://www.buenosaires.gob.ar/sites/gcaba/files/styles/interna_noticia/public/field/image/10000_nuevas_camaras.jpg,1,,,2019,"Cámaras en colectivos, subtes y vía pública",100,,,,http://www.ash.buenosaires.gob.ar/sites/gcaba/files/grafico_10.000_camaras_interna_0.jpg,"Cámaras instaladas, total acumulado",,,,http://recursos-data.buenosaires.gob.ar/ckan2/compromisos/46.2 Camaras.csv,Distribución de cámaras según tipo,,,,https://youtu.be/mZTK5EbBfKU,Nuevo Centro de Monitoreo en Puente La Noria,,,,https://youtu.be/ZkJNczWIrJo,Cámaras en colectivos,,,,http://www.buenosaires.gob.ar/compromisos/10000-camaras-en-colectivos-subtes-y-publica,"2,3,4,5"
47,100% docentes capacitados en tecnologías digitales,100% docentes capacitados en tecnologías digitales,"Nos comprometemos a que todos los docentes -de educación inicial, primaria y secundaria- estén capacitados en las nuevas tecnologías para que nuestras escuelas estén adaptadas a los cambios y desafíos del mundo digital.",Creatividad,creatividad,escuela,Educación,Transformación educativa,Creatividad y Cultura,Género,,,,https://www.buenosaires.gob.ar/sites/gcaba/files/docentes_capacitados.jpg,1,,,2019,Avance de actividades,78,,,,,,,,,,,,,,,,,,,,,,,,http://www.buenosaires.gob.ar/compromisos/100-docentes-capacitados-en-nuevas-tecnologias,"3,6,7,8"
48,80.000 vecinos de barrios vulnerables con infraestructura urbana y servicios públicos,80.000 vecinos de barrios vulnerables con infraestructura urbana y servicios públicos,"Nos comprometemos a construir redes de agua y electricidad, cloacas, nuevos espacios públicos y verdes y calles asfaltadas en barrios vulnerables para que 80.000 vecinos cuenten con infraestructura urbana y servicios públicos.",Integración Social,social,persona,Vivienda,Desarrollo humano y Salud,Grandes obras públicas,,,,,https://www.buenosaires.gob.ar/sites/gcaba/files/field/image/barrio4.jpg,1,,,2019,Avance promedio de obras,64,,,,,,,,,,,,,,,,,,,,,,,,http://www.buenosaires.gob.ar/compromisos/80000-vecinos-de-barrios-vulnerables-con-infraestructura-urbana-y-servicios-publicos,"9,10,11,12,13,14,15"
49,Mudar el Ministerio de Desarrollo Humano al predio del Elefante Blanco,Mudar el Ministerio de Desarrollo Humano al predio del Elefante Blanco,Nos comprometemos a mudar el Ministerio de Desarrollo Humano al predio del Elefante Blanco en el Barrio 15 y construir un nuevo gran espacio verde para dar impulso y reactivar la actividad comercial de esta zona del sur de la Ciudad.,Integración Social,social,persona,Vivienda,Grandes obras públicas,Desarrollo humano y Salud,,,,,https://www.buenosaires.gob.ar/sites/gcaba/files/elefante_blanco_0.jpg,1,,,2019,Demolición + Avance de obra,75,,,,,,,,,,,,,,,,,,,,,,,,http://www.buenosaires.gob.ar/compromisos/mudar-el-ministerio-de-desarrollo-humano-al-predio-del-elefante-blanco,"9,10,11,12,13,14,15"
50,Construir un Polo Educativo en Mataderos,Construir un Polo Educativo en Mataderos,"Nos comprometemos a construir un Polo Educativo en la zona de Mataderos que cuente con un polideportivo,  una escuela inicial, una primaria, una media, una secundaria y una técnica. ",Integración Social,social,escuela,Educación,Transformación educativa,Grandes obras públicas,,,,,https://www.buenosaires.gob.ar/sites/gcaba/files/styles/interna_noticia/public/field/image/polo_educativo_mataderos.jpg,1,,,2019,Avance de obra,96,,,,,,,,,,,,,,,,,,,,,,,,http://www.buenosaires.gob.ar/compromisos/construir-un-polo-educativo-en-mataderos,"9,10,11,12,13,14,15"
51,Completar 8 polos educativos,Completar 8 polos educativos,Nos comprometemos a completar 8 polos educativos a fin de 2019 para seguir construyendo una educación pública integrada y de calidad.,Integración Social,social,escuela,Educación,Transformación educativa,Grandes obras públicas,,,,,https://www.buenosaires.gob.ar/sites/gcaba/files/polo_maria_elena_walsh_render.png,1,,,2019,Avance promedio de obras,88,,,,http://recursos-data.buenosaires.gob.ar/ckan2/compromisos/51.1 8 polos.csv,"Avance de obras, en porcentajes",,,,,,,,,,,,,,,,,,,http://www.buenosaires.gob.ar/compromisos/construir-8-polos-educativos,"9,10,11,12,13,14,15"
52,20.000 familias acceden a la vivienda propia con apoyo de la Ciudad,20.000 familias acceden a la vivienda propia con apoyo de la Ciudad,Nos comprometemos a que 20.000 familias accedan a la vivienda propia mediante créditos con apoyo de la Ciudad.,Integración Social,social,edificio,Vivienda,Desarrollo humano y Salud,,,,,,http://www.buenosaires.gob.ar/sites/gcaba/files/styles/interna_noticia/public/field/image/visita_complejo_estacion_saenz_4.jpg?itok=FuYSX-zh,1,,,2019,Cantidad de créditos otorgados,39,,,,http://recursos-data.buenosaires.gob.ar/ckan2/compromisos/52.1 Vivienda propia.csv,Créditos hipotecarios planificados y otorgados 2017-2019 (acumulado),,,,https://youtu.be/4RET5y3UreA,El sueño de tu primera casa,,,,,,,,,,,,,,http://www.buenosaires.gob.ar/compromisos/20000-familias-acceden-la-vivienda-propia-con-apoyo-de-la-ciudad,"9,10,11,12,13,14,15"
53,Teatro Colón en el Distrito de las Artes,Teatro Colón en el Distrito de las Artes,Nos comprometemos a sumar un nuevo espacio del Teatro Colón al Distrito de las Artes en el barrio de La Boca.,Disfrute y Convivencia,creatividad,edificio,Participación,Creatividad y Cultura,,,,,,https://www.buenosaires.gob.ar/sites/gcaba/files/styles/interna_noticia/public/field/image/sala_teatro_colon_desde_el_escenario_-__colon_0.jpg?itok=JHAwdSFC,1,,,2019,Avance de obra,15,,,,,,,,,,,,,,,,,,,,,,,,http://www.buenosaires.gob.ar/compromisos/teatro-colon-en-el-distrito-de-las-artes,"9,10,11,12,13,14,15"
54,Tarjeta de acceso a bienes culturales para jóvenes y docentes,Tarjeta de acceso a bienes culturales para jóvenes y docentes,¡Compromiso cumplido! Nos comprometimos a facilitar el acceso de jóvenes y docentes a la oferta cultural pública y privada de la Ciudad a través de una tarjeta de acceso cultural.,Creatividad,creatividad,escuela,Educación,Creatividad y Cultura,,,,,,http://www.buenosaires.gob.ar/sites/gcaba/files/styles/interna_noticia/public/field/image/pase_cultural_2_1_0.jpg?itok=y0-invUE,1,,,2019,Avance de actividades,100,,,,,,,,,,,,,,,,,,,,,,,,http://www.buenosaires.gob.ar/compromisos/sistema-de-bonos-culturales-para-jovenes-y-docentes-0,"9,10,11,12,13,14,15"